x_times_g,y_times_g,z_times_g,g_measured,TimeInterval,Date
-0.140900,-0.966400,-0.091537,0.980898,4123.945044,2000-12-31 17:08:43.945 -0800
-0.150681,-0.983429,-0.111267,1.001108,4123.915505,2000-12-31 17:08:43.916 -0800
-0.145218,-0.955750,-0.129974,0.975417,4123.885964,2000-12-31 17:08:43.886 -0800
-0.136398,-0.978195,-0.071899,0.990273,4123.856421,2000-12-31 17:08:43.856 -0800
-0.123138,-0.969833,-0.104202,0.983157,4123.826875,2000-12-31 17:08:43.827 -0800
-0.138321,-0.971268,-0.097275,0.985878,4123.797328,2000-12-31 17:08:43.797 -0800
-0.144424,-0.965210,-0.110718,0.982215,4123.767783,2000-12-31 17:08:43.768 -0800
-0.138031,-0.977127,-0.108673,0.992794,4123.738236,2000-12-31 17:08:43.738 -0800
-0.103775,-0.994919,-0.095764,1.004890,4123.708694,2000-12-31 17:08:43.709 -0800
-0.139572,-0.971848,-0.114639,0.988489,4123.679151,2000-12-31 17:08:43.679 -0800
-0.123672,-0.976471,-0.114792,0.990943,4123.649604,2000-12-31 17:08:43.650 -0800
-0.124771,-0.968796,-0.119583,0.984090,4123.620059,2000-12-31 17:08:43.620 -0800
-0.139343,-0.981003,-0.119400,0.998018,4123.590515,2000-12-31 17:08:43.591 -0800
-0.121399,-0.969193,-0.120148,0.984128,4123.560973,2000-12-31 17:08:43.561 -0800
-0.121780,-0.980606,-0.111923,0.994457,4123.531435,2000-12-31 17:08:43.531 -0800
-0.119629,-0.971329,-0.110474,0.984883,4123.501892,2000-12-31 17:08:43.502 -0800
-0.133911,-0.984879,-0.128387,1.002198,4123.472350,2000-12-31 17:08:43.472 -0800
-0.122971,-0.970306,-0.131729,0.986899,4123.442809,2000-12-31 17:08:43.443 -0800
-0.135574,-0.973282,-0.110031,0.988820,4123.413269,2000-12-31 17:08:43.413 -0800
-0.145355,-0.965729,-0.128418,0.985013,4123.383730,2000-12-31 17:08:43.384 -0800
-0.141403,-0.978027,-0.108521,0.994137,4123.354189,2000-12-31 17:08:43.354 -0800
-0.126373,-0.967789,-0.120316,0.983393,4123.324649,2000-12-31 17:08:43.325 -0800
-0.123108,-0.976242,-0.120163,0.991284,4123.295108,2000-12-31 17:08:43.295 -0800
-0.123398,-0.970428,-0.116791,0.985190,4123.265565,2000-12-31 17:08:43.266 -0800
-0.128525,-0.974609,-0.106750,0.988826,4123.236022,2000-12-31 17:08:43.236 -0800
-0.123672,-0.968079,-0.096893,0.980744,4123.206478,2000-12-31 17:08:43.206 -0800
-0.142410,-0.981522,-0.126785,0.999870,4123.176932,2000-12-31 17:08:43.177 -0800
-0.127518,-0.975235,-0.100586,0.988667,4123.147384,2000-12-31 17:08:43.147 -0800
-0.145401,-0.963348,-0.111786,0.980652,4123.117840,2000-12-31 17:08:43.118 -0800
-0.157867,-0.967300,-0.098312,0.985017,4123.088294,2000-12-31 17:08:43.088 -0800
-0.161972,-0.970322,-0.110687,0.989955,4123.058747,2000-12-31 17:08:43.059 -0800
-0.160599,-0.974487,-0.098190,0.992501,4123.029202,2000-12-31 17:08:43.029 -0800
-0.168274,-0.972473,-0.119141,0.994090,4122.999657,2000-12-31 17:08:43.000 -0800
-0.122849,-0.969818,-0.106644,0.983368,4122.970115,2000-12-31 17:08:42.970 -0800
-0.196198,-0.964569,-0.089386,0.988371,4122.940571,2000-12-31 17:08:42.941 -0800
-0.141602,-0.959610,-0.099335,0.975074,4122.911025,2000-12-31 17:08:42.911 -0800
-0.119965,-0.970032,-0.070648,0.979972,4122.881479,2000-12-31 17:08:42.881 -0800
-0.143814,-0.960083,-0.087112,0.974695,4122.851934,2000-12-31 17:08:42.852 -0800
-0.211578,-0.947189,-0.140686,0.980676,4122.822393,2000-12-31 17:08:42.822 -0800
-0.181061,-0.979675,-0.126846,1.004309,4122.792852,2000-12-31 17:08:42.793 -0800
-0.148956,-0.969284,-0.120056,0.987984,4122.763311,2000-12-31 17:08:42.763 -0800
-0.208481,-0.970093,-0.072998,0.994924,4122.733768,2000-12-31 17:08:42.734 -0800
-0.205292,-0.971054,-0.121933,0.999979,4122.704226,2000-12-31 17:08:42.704 -0800
-0.168488,-0.952133,-0.079376,0.970178,4122.674683,2000-12-31 17:08:42.675 -0800
-0.200394,-0.982361,-0.060745,1.004430,4122.645141,2000-12-31 17:08:42.645 -0800
-0.140884,-0.971878,-0.044464,0.983042,4122.615594,2000-12-31 17:08:42.616 -0800
-0.093765,-0.999954,0.006195,1.004360,4122.586052,2000-12-31 17:08:42.586 -0800
-0.140472,-0.994064,-0.001724,1.003942,4122.556509,2000-12-31 17:08:42.557 -0800
-0.172836,-0.989975,-0.028900,1.005365,4122.526966,2000-12-31 17:08:42.527 -0800
-0.104691,-0.964706,-0.024231,0.970673,4122.497422,2000-12-31 17:08:42.497 -0800
-0.176727,-0.992767,-0.058655,1.010079,4122.467879,2000-12-31 17:08:42.468 -0800
-0.255112,-0.938950,-0.086060,0.976788,4122.438337,2000-12-31 17:08:42.438 -0800
-0.372330,-0.945618,-0.102051,1.021390,4122.408793,2000-12-31 17:08:42.409 -0800
-0.257889,-0.930923,-0.099243,0.971069,4122.379248,2000-12-31 17:08:42.379 -0800
-0.163635,-0.960068,-0.027756,0.974308,4122.349705,2000-12-31 17:08:42.350 -0800
-0.087296,-0.975723,-0.013855,0.979719,4122.320161,2000-12-31 17:08:42.320 -0800
-0.033386,-1.012390,0.000687,1.012941,4122.290615,2000-12-31 17:08:42.291 -0800
-0.262726,-0.932449,0.070404,0.971310,4122.261069,2000-12-31 17:08:42.261 -0800
-0.257492,-0.893417,0.055679,0.931449,4122.231528,2000-12-31 17:08:42.232 -0800
0.003265,-1.020752,0.037277,1.021438,4122.201981,2000-12-31 17:08:42.202 -0800
-0.094025,-0.959885,-0.017120,0.964631,4122.172434,2000-12-31 17:08:42.172 -0800
0.014236,-1.032272,0.004288,1.032379,4122.142889,2000-12-31 17:08:42.143 -0800
0.028809,-0.997269,0.147675,1.008555,4122.113347,2000-12-31 17:08:42.113 -0800
0.093140,-0.881439,0.246719,0.920044,4122.083799,2000-12-31 17:08:42.084 -0800
0.177475,-0.976562,0.392456,1.067330,4122.054253,2000-12-31 17:08:42.054 -0800
0.118408,-1.029739,0.299500,1.078927,4122.024706,2000-12-31 17:08:42.025 -0800
0.038895,-1.065018,0.222992,1.088807,4121.995158,2000-12-31 17:08:41.995 -0800
-0.122299,-0.965500,0.186691,0.990960,4121.965609,2000-12-31 17:08:41.966 -0800
-0.103210,-0.910370,0.130905,0.925506,4121.936063,2000-12-31 17:08:41.936 -0800
-0.034348,-0.956436,0.014099,0.957157,4121.906516,2000-12-31 17:08:41.907 -0800
-0.137222,-0.967758,0.133972,0.986577,4121.876969,2000-12-31 17:08:41.877 -0800
0.043594,-0.947830,0.239548,0.978604,4121.847481,2000-12-31 17:08:41.847 -0800
0.086792,-0.806091,0.310455,0.868158,4121.817937,2000-12-31 17:08:41.818 -0800
-0.054138,-0.936340,0.421204,1.028142,4121.788391,2000-12-31 17:08:41.788 -0800
0.152390,-1.069275,0.433746,1.163919,4121.758846,2000-12-31 17:08:41.759 -0800
0.210526,-0.952332,0.422134,1.062758,4121.729303,2000-12-31 17:08:41.729 -0800
0.530136,-0.914703,0.477341,1.159992,4121.699759,2000-12-31 17:08:41.700 -0800
0.440643,-1.306183,0.593307,1.500764,4121.670216,2000-12-31 17:08:41.670 -0800
0.781784,-0.941498,1.652588,2.056368,4121.640643,2000-12-31 17:08:41.641 -0800
1.541656,2.928329,0.571976,3.358418,4121.611129,2000-12-31 17:08:41.611 -0800
0.356415,-2.131500,-0.380051,2.194257,4121.581581,2000-12-31 17:08:41.582 -0800
1.006302,-0.046677,1.662628,1.944005,4121.552036,2000-12-31 17:08:41.552 -0800
0.580856,0.497879,1.194595,1.418568,4121.522496,2000-12-31 17:08:41.522 -0800
0.660660,-1.299881,1.088776,1.819779,4121.492951,2000-12-31 17:08:41.493 -0800
0.469589,-0.872955,0.895355,1.335749,4121.463407,2000-12-31 17:08:41.463 -0800
0.465637,-1.294388,0.702957,1.544800,4121.433864,2000-12-31 17:08:41.434 -0800
0.162964,-0.801193,0.662338,1.052217,4121.404319,2000-12-31 17:08:41.404 -0800
0.159653,-0.407135,0.538696,0.693860,4121.374774,2000-12-31 17:08:41.375 -0800
0.411224,-0.367935,0.479385,0.730953,4121.345228,2000-12-31 17:08:41.345 -0800
0.689301,-0.269531,0.629440,0.971585,4121.315683,2000-12-31 17:08:41.316 -0800
0.572586,-0.705429,0.759262,1.184046,4121.286137,2000-12-31 17:08:41.286 -0800
0.302750,-1.233185,1.133331,1.702011,4121.256593,2000-12-31 17:08:41.257 -0800
-0.221802,-1.070892,1.271332,1.676989,4121.227046,2000-12-31 17:08:41.227 -0800
-0.303543,-2.836136,0.813721,2.966133,4121.197501,2000-12-31 17:08:41.198 -0800
0.301590,-1.218811,0.806351,1.492199,4121.167957,2000-12-31 17:08:41.168 -0800
0.502609,-0.764999,-0.404037,1.000543,4121.138412,2000-12-31 17:08:41.138 -0800
-0.011612,-0.653885,-0.434906,0.785394,4121.108866,2000-12-31 17:08:41.109 -0800
-0.833023,-0.113785,-0.354156,0.912305,4121.079321,2000-12-31 17:08:41.079 -0800
-0.679077,-0.336807,-0.346497,0.833454,4121.049778,2000-12-31 17:08:41.050 -0800
-0.411545,-0.848557,-0.388580,1.020006,4121.020236,2000-12-31 17:08:41.020 -0800
-0.161804,-1.317810,-0.384796,1.382343,4120.990696,2000-12-31 17:08:40.991 -0800
-0.523407,-2.131790,-0.274185,2.212162,4120.961155,2000-12-31 17:08:40.961 -0800
0.100128,-1.952362,0.469193,2.010444,4120.931616,2000-12-31 17:08:40.932 -0800
0.044464,-1.387589,1.328827,1.921760,4120.902075,2000-12-31 17:08:40.902 -0800
0.657394,-0.795334,1.252335,1.622672,4120.872535,2000-12-31 17:08:40.873 -0800
1.122284,-1.962524,0.960083,2.456172,4120.842993,2000-12-31 17:08:40.843 -0800
0.040344,-0.590683,0.785858,0.983924,4120.813454,2000-12-31 17:08:40.813 -0800
4.089523,2.064102,1.830307,4.933026,4120.783915,2000-12-31 17:08:40.784 -0800
-3.893860,-2.649277,-0.774826,4.772962,4120.754366,2000-12-31 17:08:40.754 -0800
0.761444,-0.109726,0.627441,0.992733,4120.724829,2000-12-31 17:08:40.725 -0800
1.014175,0.375031,1.222382,1.631998,4120.695287,2000-12-31 17:08:40.695 -0800
1.721069,-0.759964,1.352798,2.317259,4120.665740,2000-12-31 17:08:40.666 -0800
1.149750,-0.739227,1.232300,1.840365,4120.636198,2000-12-31 17:08:40.636 -0800
0.382462,-0.807602,0.854935,1.236694,4120.606657,2000-12-31 17:08:40.607 -0800
0.302567,-0.545837,0.776779,0.996429,4120.577118,2000-12-31 17:08:40.577 -0800
0.345718,-0.302307,0.518845,0.692900,4120.547577,2000-12-31 17:08:40.548 -0800
0.835831,-0.293472,0.412155,0.977042,4120.518037,2000-12-31 17:08:40.518 -0800
0.640717,-0.510330,0.828522,1.165076,4120.488498,2000-12-31 17:08:40.488 -0800
0.184052,-0.668228,1.076767,1.280559,4120.458957,2000-12-31 17:08:40.459 -0800
-0.493073,-0.892838,1.200119,1.574981,4120.429414,2000-12-31 17:08:40.429 -0800
-0.064453,-1.012512,0.803070,1.293931,4120.399873,2000-12-31 17:08:40.400 -0800
0.434021,-1.726593,1.162003,2.125970,4120.370330,2000-12-31 17:08:40.370 -0800
0.654800,-0.919540,-0.230484,1.152146,4120.340790,2000-12-31 17:08:40.341 -0800
-0.180588,-0.973221,-0.567566,1.141009,4120.311246,2000-12-31 17:08:40.311 -0800
-0.642792,-0.397003,-0.360123,0.836947,4120.281705,2000-12-31 17:08:40.282 -0800
-0.907364,-0.388718,-0.658844,1.186797,4120.252162,2000-12-31 17:08:40.252 -0800
-0.551346,-1.041245,-0.602661,1.323394,4120.222621,2000-12-31 17:08:40.223 -0800
-0.708252,-1.732727,-0.340179,1.902547,4120.193077,2000-12-31 17:08:40.193 -0800
-0.273529,-2.391556,-0.227020,2.417829,4120.163536,2000-12-31 17:08:40.164 -0800
0.584396,-1.714584,0.554306,1.894353,4120.133999,2000-12-31 17:08:40.134 -0800
0.366791,-1.375885,1.048553,1.768349,4120.104458,2000-12-31 17:08:40.104 -0800
0.593246,-1.640839,1.217865,2.127789,4120.074898,2000-12-31 17:08:40.075 -0800
0.254288,-1.059570,1.651779,1.978819,4120.045376,2000-12-31 17:08:40.045 -0800
0.932617,0.543304,0.177353,1.093805,4120.015833,2000-12-31 17:08:40.016 -0800
4.288101,-0.140976,-0.301254,4.300981,4119.986295,2000-12-31 17:08:39.986 -0800
-0.156311,-0.093460,1.879211,1.888016,4119.956749,2000-12-31 17:08:39.957 -0800
1.108246,0.331924,0.887833,1.458297,4119.927209,2000-12-31 17:08:39.927 -0800
1.694931,0.006927,1.101135,2.021222,4119.897660,2000-12-31 17:08:39.898 -0800
0.800247,-1.182419,1.068375,1.783237,4119.868120,2000-12-31 17:08:39.868 -0800
0.953049,-0.733871,0.955933,1.536449,4119.838576,2000-12-31 17:08:39.839 -0800
0.532120,-0.831085,0.522522,1.116639,4119.809033,2000-12-31 17:08:39.809 -0800
0.496048,-0.420120,0.680191,0.940864,4119.779487,2000-12-31 17:08:39.779 -0800
0.448181,-0.168243,0.410248,0.630457,4119.749939,2000-12-31 17:08:39.750 -0800
0.624100,-0.264359,0.696365,0.971756,4119.720392,2000-12-31 17:08:39.720 -0800
0.538834,-0.588501,0.944366,1.236326,4119.690847,2000-12-31 17:08:39.691 -0800
-0.218979,-0.798264,1.085419,1.365031,4119.661302,2000-12-31 17:08:39.661 -0800
0.008194,-0.707474,0.613998,0.936793,4119.631753,2000-12-31 17:08:39.632 -0800
-0.472031,-3.389145,1.393005,3.694534,4119.602207,2000-12-31 17:08:39.602 -0800
0.650391,-0.972534,-0.107895,1.174935,4119.572662,2000-12-31 17:08:39.573 -0800
0.139725,-1.036255,-0.527924,1.171346,4119.543114,2000-12-31 17:08:39.543 -0800
-0.482803,-0.864716,-0.645187,1.181989,4119.513567,2000-12-31 17:08:39.514 -0800
-0.718140,-0.431900,-0.470795,0.961202,4119.484021,2000-12-31 17:08:39.484 -0800
-0.834900,-0.991760,-0.347275,1.342105,4119.454475,2000-12-31 17:08:39.454 -0800
-0.396805,-1.578156,-0.212128,1.641044,4119.424932,2000-12-31 17:08:39.425 -0800
-0.102432,-2.104492,-0.316254,2.130586,4119.395386,2000-12-31 17:08:39.395 -0800
0.301041,-1.833755,0.503937,1.925419,4119.365846,2000-12-31 17:08:39.366 -0800
0.208252,-1.502502,1.157822,1.908254,4119.336302,2000-12-31 17:08:39.336 -0800
0.383026,-1.148163,1.293427,1.771423,4119.306757,2000-12-31 17:08:39.307 -0800
0.687271,-1.373856,1.277267,1.997807,4119.277211,2000-12-31 17:08:39.277 -0800
0.006653,-0.292450,0.160202,0.333520,4119.247666,2000-12-31 17:08:39.248 -0800
2.681961,0.300934,1.067474,2.902237,4119.218124,2000-12-31 17:08:39.218 -0800
-0.763824,-0.374466,1.276688,1.534139,4119.188576,2000-12-31 17:08:39.189 -0800
1.160431,0.182693,1.138382,1.635815,4119.159037,2000-12-31 17:08:39.159 -0800
1.115173,0.175949,1.414139,1.809519,4119.129473,2000-12-31 17:08:39.129 -0800
2.000092,-1.018021,1.157928,2.525377,4119.099951,2000-12-31 17:08:39.100 -0800
0.647995,-1.439774,1.031281,1.885838,4119.070410,2000-12-31 17:08:39.070 -0800
0.141205,-0.666962,0.688431,0.968872,4119.040866,2000-12-31 17:08:39.041 -0800
0.452805,-0.164856,0.526276,0.713565,4119.011323,2000-12-31 17:08:39.011 -0800
0.756592,-0.195129,0.452148,0.902743,4118.981781,2000-12-31 17:08:38.982 -0800
1.180115,-0.377014,0.621170,1.385880,4118.952240,2000-12-31 17:08:38.952 -0800
0.442459,-0.722870,1.037735,1.339853,4118.922696,2000-12-31 17:08:38.923 -0800
-0.680542,-0.879486,1.366989,1.762184,4118.893153,2000-12-31 17:08:38.893 -0800
-0.200485,-0.648697,0.820801,1.065230,4118.863610,2000-12-31 17:08:38.864 -0800
-0.241776,-2.363663,1.219315,2.670596,4118.834068,2000-12-31 17:08:38.834 -0800
0.646500,-0.974487,-0.212387,1.188569,4118.804526,2000-12-31 17:08:38.805 -0800
0.056473,-1.112579,-0.444214,1.199311,4118.774983,2000-12-31 17:08:38.775 -0800
-0.491150,-0.521057,-0.560898,0.909580,4118.745439,2000-12-31 17:08:38.745 -0800
-0.936676,-0.386368,-0.703506,1.233517,4118.715892,2000-12-31 17:08:38.716 -0800
-0.892700,-1.164932,-0.771561,1.658097,4118.686349,2000-12-31 17:08:38.686 -0800
-0.512054,-1.960617,-0.577667,2.107111,4118.656803,2000-12-31 17:08:38.657 -0800
0.093765,-2.891418,-0.291855,2.907623,4118.627261,2000-12-31 17:08:38.627 -0800
0.474152,-1.539917,0.973282,1.882403,4118.597721,2000-12-31 17:08:38.598 -0800
1.140457,-1.038513,1.124390,1.908770,4118.568179,2000-12-31 17:08:38.568 -0800
0.209000,-2.012207,1.657745,2.615488,4118.538639,2000-12-31 17:08:38.539 -0800
0.122559,-0.832245,1.407028,1.639323,4118.509092,2000-12-31 17:08:38.509 -0800
4.304550,2.866058,1.176086,5.303454,4118.479552,2000-12-31 17:08:38.480 -0800
-5.162186,-7.861465,0.256790,9.408334,4118.450006,2000-12-31 17:08:38.450 -0800
1.154984,-0.192856,0.537537,1.288459,4118.420463,2000-12-31 17:08:38.420 -0800
1.327179,0.246521,1.286438,1.864698,4118.390922,2000-12-31 17:08:38.391 -0800
1.560349,-0.132965,1.333557,2.056877,4118.361378,2000-12-31 17:08:38.361 -0800
1.287048,-0.996414,1.425247,2.163484,4118.331830,2000-12-31 17:08:38.332 -0800
0.669769,-0.800446,0.943268,1.406790,4118.302293,2000-12-31 17:08:38.302 -0800
0.583008,-0.713364,0.759918,1.194262,4118.272749,2000-12-31 17:08:38.273 -0800
0.787674,-0.339172,0.576675,1.033452,4118.243209,2000-12-31 17:08:38.243 -0800
0.765091,-0.491776,0.735580,1.169738,4118.213667,2000-12-31 17:08:38.214 -0800
0.651672,-0.826996,1.052490,1.488736,4118.184126,2000-12-31 17:08:38.184 -0800
-0.131226,-1.029236,1.154770,1.552430,4118.154581,2000-12-31 17:08:38.155 -0800
-0.128891,-0.902023,0.658264,1.124087,4118.125043,2000-12-31 17:08:38.125 -0800
-0.506897,-2.933411,0.995193,3.138830,4118.095502,2000-12-31 17:08:38.096 -0800
0.324661,-1.331955,-0.419327,1.433647,4118.065961,2000-12-31 17:08:38.066 -0800
0.086365,-0.918610,-0.535416,1.066758,4118.036415,2000-12-31 17:08:38.036 -0800
-0.633835,-0.679550,-0.801224,1.226986,4118.006869,2000-12-31 17:08:38.007 -0800
-0.928650,-0.011230,-0.352875,0.993498,4117.977323,2000-12-31 17:08:37.977 -0800
-1.008438,-1.021362,-0.498947,1.519565,4117.947786,2000-12-31 17:08:37.948 -0800
-0.636368,-1.978836,-0.433365,2.123337,4117.918240,2000-12-31 17:08:37.918 -0800
0.130661,-2.468170,-0.387497,2.501817,4117.888697,2000-12-31 17:08:37.889 -0800
0.497849,-2.096481,0.554001,2.224860,4117.859153,2000-12-31 17:08:37.859 -0800
0.771698,-1.466400,1.232712,2.065291,4117.829608,2000-12-31 17:08:37.830 -0800
-0.389404,-2.561737,1.573639,3.031579,4117.800063,2000-12-31 17:08:37.800 -0800
0.787125,-0.735626,1.766602,2.069201,4117.770520,2000-12-31 17:08:37.771 -0800
2.377136,2.661102,2.032501,4.106495,4117.740977,2000-12-31 17:08:37.741 -0800
-0.350998,-7.322861,-2.386215,7.709832,4117.711430,2000-12-31 17:08:37.711 -0800
0.955719,0.079651,0.901993,1.316561,4117.681886,2000-12-31 17:08:37.682 -0800
1.738068,0.394928,1.381454,2.255053,4117.652343,2000-12-31 17:08:37.652 -0800
1.515228,-1.227921,1.273499,2.329271,4117.622798,2000-12-31 17:08:37.623 -0800
1.090561,-0.762161,1.264648,1.835633,4117.593254,2000-12-31 17:08:37.593 -0800
0.499329,-0.731827,0.761917,1.168511,4117.563711,2000-12-31 17:08:37.564 -0800
0.325943,-0.523911,0.926025,1.112764,4117.534168,2000-12-31 17:08:37.534 -0800
0.658081,-0.113998,0.556519,0.869356,4117.504626,2000-12-31 17:08:37.505 -0800
1.225525,-0.317764,0.546066,1.378794,4117.475083,2000-12-31 17:08:37.475 -0800
0.480026,-0.648193,1.112579,1.374195,4117.445537,2000-12-31 17:08:37.446 -0800
-0.566986,-0.757248,1.174408,1.508022,4117.415991,2000-12-31 17:08:37.416 -0800
-0.249313,-0.972992,0.873093,1.330850,4117.386449,2000-12-31 17:08:37.386 -0800
-0.057251,-1.972687,1.090256,2.254646,4117.356905,2000-12-31 17:08:37.357 -0800
0.690323,-1.485611,-0.398224,1.685873,4117.327362,2000-12-31 17:08:37.327 -0800
0.255844,-1.057526,-0.573837,1.230084,4117.297818,2000-12-31 17:08:37.298 -0800
-0.926254,-0.830948,-0.739243,1.447377,4117.268272,2000-12-31 17:08:37.268 -0800
-0.708664,0.048538,-0.137146,0.723443,4117.238727,2000-12-31 17:08:37.239 -0800
-1.028137,-1.099457,-0.643753,1.637159,4117.209181,2000-12-31 17:08:37.209 -0800
-0.507599,-2.174316,-0.599808,2.311942,4117.179637,2000-12-31 17:08:37.180 -0800
0.073654,-2.975128,-0.421860,3.005791,4117.150093,2000-12-31 17:08:37.150 -0800
0.455933,-1.891541,0.872238,2.132276,4117.120552,2000-12-31 17:08:37.121 -0800
0.891998,-0.994537,1.541046,2.039507,4117.091011,2000-12-31 17:08:37.091 -0800
0.385986,-1.494507,1.559387,2.194134,4117.061467,2000-12-31 17:08:37.061 -0800
0.142426,-0.230698,0.681107,0.733084,4117.031923,2000-12-31 17:08:37.032 -0800
4.771103,1.218536,1.705307,5.211173,4117.002380,2000-12-31 17:08:37.002 -0800
-0.956467,0.003433,2.862518,3.018087,4116.972829,2000-12-31 17:08:36.973 -0800
1.190887,0.237457,0.809891,1.459631,4116.943274,2000-12-31 17:08:36.943 -0800
1.634262,0.072693,1.253571,2.060955,4116.913746,2000-12-31 17:08:36.914 -0800
1.542023,-1.481049,0.945419,2.337767,4116.884202,2000-12-31 17:08:36.884 -0800
0.711899,-0.778595,0.989532,1.446439,4116.854733,2000-12-31 17:08:36.855 -0800
0.351028,-0.300339,0.865692,0.981248,4116.825190,2000-12-31 17:08:36.825 -0800
0.467361,-0.130737,0.929779,1.048813,4116.795647,2000-12-31 17:08:36.796 -0800
1.274109,-0.155182,0.652847,1.440015,4116.766075,2000-12-31 17:08:36.766 -0800
1.095352,-0.753265,1.011688,1.670544,4116.736558,2000-12-31 17:08:36.737 -0800
0.270859,-0.906967,1.425491,1.711134,4116.707016,2000-12-31 17:08:36.707 -0800
-0.667633,-0.861191,1.291794,1.690004,4116.677473,2000-12-31 17:08:36.677 -0800
-1.092453,-3.665466,1.664017,4.171097,4116.647929,2000-12-31 17:08:36.648 -0800
0.405518,-1.140457,0.363327,1.263762,4116.618386,2000-12-31 17:08:36.618 -0800
0.718353,-1.581055,-0.561829,1.825217,4116.588811,2000-12-31 17:08:36.589 -0800
0.372299,-0.784744,-0.707581,1.120313,4116.559297,2000-12-31 17:08:36.559 -0800
-0.730347,-0.434097,-0.724258,1.116422,4116.529755,2000-12-31 17:08:36.530 -0800
-1.309540,0.363434,-0.157394,1.368120,4116.500217,2000-12-31 17:08:36.500 -0800
-1.321350,-1.391739,-0.839752,2.094776,4116.470674,2000-12-31 17:08:36.471 -0800
-0.406830,-2.058304,-0.648788,2.196145,4116.441134,2000-12-31 17:08:36.441 -0800
-0.089951,-2.846832,-0.112289,2.850466,4116.411586,2000-12-31 17:08:36.412 -0800
0.144363,-2.097076,1.074905,2.360930,4116.382052,2000-12-31 17:08:36.382 -0800
0.483597,-1.538681,1.462646,2.177324,4116.352507,2000-12-31 17:08:36.353 -0800
0.630524,-1.265488,1.689850,2.203318,4116.322966,2000-12-31 17:08:36.323 -0800
2.773315,3.113815,0.514954,4.201464,4116.293422,2000-12-31 17:08:36.293 -0800
-1.211304,-7.216751,-0.436203,7.330691,4116.263875,2000-12-31 17:08:36.264 -0800
1.272644,-0.065979,0.745239,1.476265,4116.234324,2000-12-31 17:08:36.234 -0800
1.480728,0.527603,1.370239,2.085300,4116.204784,2000-12-31 17:08:36.205 -0800
1.994507,-0.843475,1.405472,2.581639,4116.175235,2000-12-31 17:08:36.175 -0800
1.106049,-0.920334,1.293457,1.934784,4116.145690,2000-12-31 17:08:36.146 -0800
0.356140,-0.632706,0.789154,1.072342,4116.116143,2000-12-31 17:08:36.116 -0800
0.298691,-0.448196,0.884308,1.035421,4116.086597,2000-12-31 17:08:36.087 -0800
0.758453,-0.251373,0.609756,1.005108,4116.057047,2000-12-31 17:08:36.057 -0800
1.361450,-0.528214,0.607590,1.581683,4116.027505,2000-12-31 17:08:36.028 -0800
0.636749,-0.875015,1.273041,1.670848,4115.997962,2000-12-31 17:08:35.998 -0800
-0.791656,-0.929932,1.199142,1.711559,4115.968414,2000-12-31 17:08:35.968 -0800
-0.340698,-1.382797,1.147797,1.829109,4115.938868,2000-12-31 17:08:35.939 -0800
0.146088,-1.565247,1.004120,1.865367,4115.909320,2000-12-31 17:08:35.909 -0800
0.981125,-1.656570,-0.670715,2.038796,4115.879772,2000-12-31 17:08:35.880 -0800
0.625885,-1.024948,-0.602722,1.343698,4115.850224,2000-12-31 17:08:35.850 -0800
-0.619919,-0.648849,-0.886612,1.261501,4115.820676,2000-12-31 17:08:35.821 -0800
-1.100021,0.226151,0.002289,1.123030,4115.791132,2000-12-31 17:08:35.791 -0800
-1.099442,-1.237396,-0.699768,1.797108,4115.761585,2000-12-31 17:08:35.762 -0800
-0.323746,-2.064392,-0.706223,2.205737,4115.732038,2000-12-31 17:08:35.732 -0800
0.212738,-2.810059,-0.295914,2.833593,4115.702494,2000-12-31 17:08:35.702 -0800
0.316788,-2.133408,0.895416,2.335284,4115.672951,2000-12-31 17:08:35.673 -0800
0.273834,-1.391861,1.401581,1.994164,4115.643408,2000-12-31 17:08:35.643 -0800
1.212524,-1.452377,1.346024,2.321938,4115.613865,2000-12-31 17:08:35.614 -0800
1.233673,1.553665,-0.047150,1.984452,4115.584322,2000-12-31 17:08:35.584 -0800
0.688095,-4.258591,-1.318359,4.510781,4115.554781,2000-12-31 17:08:35.555 -0800
0.897125,0.019516,1.713272,1.934041,4115.525240,2000-12-31 17:08:35.525 -0800
0.990936,0.575241,1.359253,1.777759,4115.495699,2000-12-31 17:08:35.496 -0800
2.417770,-0.324646,1.211853,2.723894,4115.466157,2000-12-31 17:08:35.466 -0800
1.225952,-1.091034,1.381653,2.145292,4115.436616,2000-12-31 17:08:35.437 -0800
0.337463,-0.577408,1.047089,1.242448,4115.407074,2000-12-31 17:08:35.407 -0800
0.299561,-0.527847,0.976303,1.149577,4115.377532,2000-12-31 17:08:35.378 -0800
0.844803,-0.277649,0.706497,1.135746,4115.347990,2000-12-31 17:08:35.348 -0800
1.330261,-0.546844,0.546906,1.538746,4115.318449,2000-12-31 17:08:35.318 -0800
0.292374,-0.810623,1.072754,1.376006,4115.288905,2000-12-31 17:08:35.289 -0800
-0.923950,-0.816025,1.412964,1.875113,4115.259362,2000-12-31 17:08:35.259 -0800
-0.225052,-0.901398,1.079697,1.424398,4115.229816,2000-12-31 17:08:35.230 -0800
-0.043365,-1.845200,1.126236,2.162186,4115.200271,2000-12-31 17:08:35.200 -0800
0.659790,-1.485825,-0.562057,1.720147,4115.170724,2000-12-31 17:08:35.171 -0800
0.464417,-1.177292,-0.516541,1.366936,4115.141176,2000-12-31 17:08:35.141 -0800
-0.710312,-0.677536,-0.755997,1.239003,4115.111628,2000-12-31 17:08:35.112 -0800
-1.217438,0.037643,-0.369308,1.272777,4115.082083,2000-12-31 17:08:35.082 -0800
-1.125153,-1.490250,-0.894012,2.070283,4115.052534,2000-12-31 17:08:35.053 -0800
-0.051926,-2.173096,-0.753494,2.300607,4115.022987,2000-12-31 17:08:35.023 -0800
0.249084,-3.111832,-0.369431,3.143568,4114.993444,2000-12-31 17:08:34.993 -0800
0.435867,-1.931854,1.079819,2.255671,4114.963901,2000-12-31 17:08:34.964 -0800
0.153244,-2.658493,1.565170,3.088823,4114.934358,2000-12-31 17:08:34.934 -0800
0.735626,-0.958389,1.855789,2.214410,4114.904812,2000-12-31 17:08:34.905 -0800
4.037460,2.704208,1.185638,5.001956,4114.875266,2000-12-31 17:08:34.875 -0800
-1.269760,-6.620163,3.073227,7.408345,4114.845719,2000-12-31 17:08:34.846 -0800
1.053940,-0.048523,0.977661,1.438390,4114.816176,2000-12-31 17:08:34.816 -0800
0.914093,1.009308,1.864243,2.308608,4114.786632,2000-12-31 17:08:34.787 -0800
2.519119,-1.333328,1.092545,3.052438,4114.757087,2000-12-31 17:08:34.757 -0800
1.040329,-0.723480,1.552765,2.004192,4114.727542,2000-12-31 17:08:34.728 -0800
0.215591,-0.429855,1.002884,1.112219,4114.697995,2000-12-31 17:08:34.698 -0800
0.277802,-0.464157,0.861557,1.017298,4114.668446,2000-12-31 17:08:34.668 -0800
0.817825,-0.270554,0.631058,1.067835,4114.638899,2000-12-31 17:08:34.639 -0800
1.577454,-0.673416,0.445297,1.772044,4114.609354,2000-12-31 17:08:34.609 -0800
0.441177,-1.007553,1.339035,1.732863,4114.579807,2000-12-31 17:08:34.580 -0800
-0.738876,-0.883820,1.296448,1.734316,4114.550260,2000-12-31 17:08:34.550 -0800
-0.176880,-1.661209,1.122940,2.012932,4114.520712,2000-12-31 17:08:34.521 -0800
0.135849,-1.392258,0.571426,1.511081,4114.491167,2000-12-31 17:08:34.491 -0800
0.356018,-1.439117,-0.671631,1.627543,4114.461624,2000-12-31 17:08:34.462 -0800
-0.123871,-1.310806,-0.977036,1.639560,4114.432077,2000-12-31 17:08:34.432 -0800
-0.664627,-0.465652,-0.681213,1.059534,4114.402528,2000-12-31 17:08:34.403 -0800
-0.938873,-0.280228,-0.671585,1.187871,4114.372986,2000-12-31 17:08:34.373 -0800
-1.234238,-1.950470,-1.200439,2.601678,4114.343440,2000-12-31 17:08:34.343 -0800
-0.418503,-2.554230,-0.668060,2.673114,4114.313897,2000-12-31 17:08:34.314 -0800
0.414185,-2.982468,0.107513,3.013009,4114.284354,2000-12-31 17:08:34.284 -0800
0.744537,-1.547546,1.373047,2.198748,4114.254811,2000-12-31 17:08:34.255 -0800
0.182114,-2.448624,1.817459,3.054845,4114.225267,2000-12-31 17:08:34.225 -0800
0.584106,-1.102325,1.341095,1.831622,4114.195725,2000-12-31 17:08:34.196 -0800
3.638855,2.541275,3.156998,5.446648,4114.166186,2000-12-31 17:08:34.166 -0800
-2.031982,-1.698273,2.160248,3.417565,4114.136632,2000-12-31 17:08:34.137 -0800
1.628998,0.453003,1.238831,2.096079,4114.107097,2000-12-31 17:08:34.107 -0800
1.846466,-0.099731,1.555054,2.416107,4114.077518,2000-12-31 17:08:34.078 -0800
1.467133,-1.039429,1.663574,2.449565,4114.048002,2000-12-31 17:08:34.048 -0800
0.561081,-0.535400,1.144348,1.382389,4114.018455,2000-12-31 17:08:34.018 -0800
0.548660,-0.777420,0.562134,1.105172,4113.988912,2000-12-31 17:08:33.989 -0800
0.992371,-0.491501,0.538147,1.231249,4113.959363,2000-12-31 17:08:33.959 -0800
0.740326,-0.655914,0.511749,1.113640,4113.929820,2000-12-31 17:08:33.930 -0800
0.183701,-0.654205,1.001144,1.209967,4113.900274,2000-12-31 17:08:33.900 -0800
-0.499359,-0.901047,1.356567,1.703385,4113.870728,2000-12-31 17:08:33.871 -0800
-0.033997,-1.153412,0.823242,1.417477,4113.841184,2000-12-31 17:08:33.841 -0800
0.050766,-2.349594,0.665131,2.442451,4113.811642,2000-12-31 17:08:33.812 -0800
0.492401,-1.659378,-0.533524,1.811254,4113.782097,2000-12-31 17:08:33.782 -0800
0.038239,-1.114365,-0.496521,1.220575,4113.752553,2000-12-31 17:08:33.753 -0800
-0.990585,-0.670547,-0.500076,1.296522,4113.723007,2000-12-31 17:08:33.723 -0800
-1.333740,-0.377350,-0.552338,1.492090,4113.693465,2000-12-31 17:08:33.693 -0800
-1.132202,-1.879471,-1.144348,2.474636,4113.663920,2000-12-31 17:08:33.664 -0800
0.140793,-2.204849,-0.866974,2.373358,4113.634376,2000-12-31 17:08:33.634 -0800
0.075867,-3.216965,0.229141,3.226007,4113.604832,2000-12-31 17:08:33.605 -0800
0.034042,-1.288834,1.305557,1.834865,4113.575286,2000-12-31 17:08:33.575 -0800
0.833496,-2.063843,1.885239,2.916897,4113.545740,2000-12-31 17:08:33.546 -0800
-0.305557,0.063705,0.912628,0.964528,4113.516194,2000-12-31 17:08:33.516 -0800
6.571579,1.495956,2.091324,7.056711,4113.486651,2000-12-31 17:08:33.487 -0800
-0.184692,0.448883,3.412262,3.446613,4113.457105,2000-12-31 17:08:33.457 -0800
1.427139,-0.187805,0.794968,1.644376,4113.427560,2000-12-31 17:08:33.428 -0800
1.811111,0.596390,1.551300,2.458117,4113.398019,2000-12-31 17:08:33.398 -0800
1.580215,-0.332443,1.601364,2.274196,4113.368474,2000-12-31 17:08:33.368 -0800
0.663345,-1.394562,1.233566,1.976491,4113.338930,2000-12-31 17:08:33.339 -0800
0.667313,-0.857727,0.691330,1.287998,4113.309387,2000-12-31 17:08:33.309 -0800
0.690948,-0.561234,0.913727,1.275653,4113.279843,2000-12-31 17:08:33.280 -0800
1.158340,-0.371857,0.490097,1.311574,4113.250299,2000-12-31 17:08:33.250 -0800
0.958023,-0.825760,0.860443,1.529722,4113.220756,2000-12-31 17:08:33.221 -0800
-0.068130,-0.435623,1.384964,1.453456,4113.191212,2000-12-31 17:08:33.191 -0800
-0.466385,-0.756927,0.999100,1.337406,4113.161668,2000-12-31 17:08:33.162 -0800
-0.732376,-2.996307,1.472687,3.418046,4113.132124,2000-12-31 17:08:33.132 -0800
0.367355,-1.191498,-0.196640,1.262254,4113.102579,2000-12-31 17:08:33.103 -0800
0.383041,-1.778854,-0.666275,1.937773,4113.073037,2000-12-31 17:08:33.073 -0800
-0.016037,-0.949036,-0.583542,1.114202,4113.043495,2000-12-31 17:08:33.043 -0800
-1.061752,-0.658875,-0.824844,1.497265,4113.013950,2000-12-31 17:08:33.014 -0800
-0.790527,-0.186691,-0.467590,0.937245,4112.984407,2000-12-31 17:08:32.984 -0800
-1.164764,-1.749588,-1.110596,2.377216,4112.954860,2000-12-31 17:08:32.955 -0800
-0.308838,-2.656357,-0.745560,2.776233,4112.925297,2000-12-31 17:08:32.925 -0800
-0.060089,-2.950546,0.441406,2.983986,4112.895772,2000-12-31 17:08:32.896 -0800
0.344147,-1.374451,1.360718,1.964460,4112.866227,2000-12-31 17:08:32.866 -0800
0.766266,-2.458771,1.846161,3.168758,4112.836682,2000-12-31 17:08:32.837 -0800
0.187393,-0.718964,1.378799,1.566242,4112.807136,2000-12-31 17:08:32.807 -0800
5.525635,2.916412,2.691910,6.803270,4112.777591,2000-12-31 17:08:32.778 -0800
-1.835861,0.039368,2.644318,3.219371,4112.748033,2000-12-31 17:08:32.748 -0800
1.393570,0.170532,1.100494,1.783874,4112.718497,2000-12-31 17:08:32.718 -0800
1.727356,0.261032,1.559967,2.342092,4112.688950,2000-12-31 17:08:32.689 -0800
1.522781,-0.681702,1.625717,2.329493,4112.659401,2000-12-31 17:08:32.659 -0800
0.996323,-1.003784,1.094666,1.788445,4112.629853,2000-12-31 17:08:32.630 -0800
0.473923,-0.941940,0.878937,1.372729,4112.600307,2000-12-31 17:08:32.600 -0800
0.794815,-0.582077,0.800568,1.269430,4112.570753,2000-12-31 17:08:32.571 -0800
1.290085,-0.569321,0.433197,1.475163,4112.541212,2000-12-31 17:08:32.541 -0800
0.516769,-0.878983,1.004532,1.431344,4112.511664,2000-12-31 17:08:32.512 -0800
-0.363113,-0.598785,1.281601,1.460444,4112.482116,2000-12-31 17:08:32.482 -0800
-0.173401,-0.900345,0.797714,1.215334,4112.452567,2000-12-31 17:08:32.453 -0800
-0.384552,-2.206924,1.231354,2.556292,4112.423020,2000-12-31 17:08:32.423 -0800
0.297989,-1.580750,-0.599380,1.716631,4112.393470,2000-12-31 17:08:32.393 -0800
0.159729,-1.365417,-0.716766,1.550365,4112.363932,2000-12-31 17:08:32.364 -0800
-0.744934,-1.019119,-0.813690,1.501873,4112.334383,2000-12-31 17:08:32.334 -0800
-1.085541,0.018539,-0.431549,1.168322,4112.304839,2000-12-31 17:08:32.305 -0800
-1.230316,-1.298447,-0.909515,2.006704,4112.275294,2000-12-31 17:08:32.275 -0800
-0.405655,-2.167847,-0.641983,2.297011,4112.245746,2000-12-31 17:08:32.246 -0800
0.162216,-3.049026,-0.332321,3.071370,4112.216199,2000-12-31 17:08:32.216 -0800
0.644226,-1.886459,0.987900,2.224793,4112.186657,2000-12-31 17:08:32.187 -0800
0.586975,-1.118896,1.276855,1.796338,4112.157112,2000-12-31 17:08:32.157 -0800
0.555008,-1.538055,1.242111,2.053409,4112.127568,2000-12-31 17:08:32.128 -0800
1.911301,1.022278,-0.248489,2.181712,4112.098022,2000-12-31 17:08:32.098 -0800
1.161682,-1.477982,-0.120453,1.883731,4112.068481,2000-12-31 17:08:32.068 -0800
0.596664,-0.211060,1.189224,1.347148,4112.038930,2000-12-31 17:08:32.039 -0800
1.227631,0.320618,1.293625,1.811998,4112.009392,2000-12-31 17:08:32.009 -0800
2.597382,-0.239304,1.563202,3.040930,4111.979846,2000-12-31 17:08:31.980 -0800
0.826324,-0.787582,1.781952,2.116235,4111.950299,2000-12-31 17:08:31.950 -0800
0.729935,-0.500977,1.085358,1.400637,4111.920756,2000-12-31 17:08:31.921 -0800
0.789444,-0.742050,1.034698,1.498153,4111.891215,2000-12-31 17:08:31.891 -0800
1.327362,-0.628265,0.537949,1.563968,4111.861716,2000-12-31 17:08:31.862 -0800
0.810959,-0.751953,0.812775,1.372476,4111.832174,2000-12-31 17:08:31.832 -0800
0.297394,-0.731186,1.305222,1.525346,4111.802631,2000-12-31 17:08:31.803 -0800
-0.424179,-0.899155,1.214386,1.569439,4111.773086,2000-12-31 17:08:31.773 -0800
-0.245651,-1.688614,0.717300,1.851022,4111.743543,2000-12-31 17:08:31.744 -0800
-0.008514,-1.621140,0.706543,1.768437,4111.713999,2000-12-31 17:08:31.714 -0800
0.252869,-1.609467,-0.644943,1.752221,4111.684455,2000-12-31 17:08:31.684 -0800
-0.043030,-1.252029,-0.512436,1.353521,4111.654910,2000-12-31 17:08:31.655 -0800
-0.581619,-0.768860,-0.694870,1.188390,4111.625363,2000-12-31 17:08:31.625 -0800
-0.790085,0.173935,-0.238815,0.843517,4111.595823,2000-12-31 17:08:31.596 -0800
-1.137802,-1.451080,-0.819183,2.017744,4111.566276,2000-12-31 17:08:31.566 -0800
-0.496399,-2.031281,-0.685501,2.200551,4111.536732,2000-12-31 17:08:31.537 -0800
0.102707,-2.894302,-0.325256,2.914331,4111.507189,2000-12-31 17:08:31.507 -0800
0.609283,-2.184891,1.098602,2.520298,4111.477645,2000-12-31 17:08:31.478 -0800
0.070648,-0.927353,1.373413,1.658686,4111.448099,2000-12-31 17:08:31.448 -0800
0.736969,-2.268173,1.638367,2.893437,4111.418551,2000-12-31 17:08:31.419 -0800
1.418915,-0.971558,0.568192,1.811100,4111.389004,2000-12-31 17:08:31.389 -0800
0.824326,1.665497,2.466019,3.087821,4111.359460,2000-12-31 17:08:31.359 -0800
-0.188202,-1.015381,1.171158,1.561419,4111.329909,2000-12-31 17:08:31.330 -0800
1.001053,0.343781,1.208862,1.606748,4111.300372,2000-12-31 17:08:31.300 -0800
2.212036,0.067230,1.493393,2.669803,4111.270828,2000-12-31 17:08:31.271 -0800
1.440338,-1.077087,1.287460,2.211842,4111.241283,2000-12-31 17:08:31.241 -0800
0.441772,-0.554977,1.109833,1.317153,4111.211737,2000-12-31 17:08:31.212 -0800
0.141693,-0.660797,1.083435,1.276934,4111.182164,2000-12-31 17:08:31.182 -0800
0.445206,-0.463593,0.787643,1.016616,4111.152641,2000-12-31 17:08:31.153 -0800
1.334915,-0.662018,0.790009,1.686529,4111.123095,2000-12-31 17:08:31.123 -0800
0.326736,-0.948990,1.126923,1.509070,4111.093550,2000-12-31 17:08:31.094 -0800
-0.693665,-0.685989,1.347275,1.663401,4111.064003,2000-12-31 17:08:31.064 -0800
-0.567978,-0.836914,0.969131,1.400800,4111.034459,2000-12-31 17:08:31.034 -0800
-0.759964,-2.644928,1.251678,3.023225,4111.004885,2000-12-31 17:08:31.005 -0800
0.549530,-1.523056,-0.593323,1.724446,4110.975365,2000-12-31 17:08:30.975 -0800
0.742294,-1.467606,-0.506226,1.720794,4110.945819,2000-12-31 17:08:30.946 -0800
-0.184509,-0.793320,-0.525681,0.969402,4110.916273,2000-12-31 17:08:30.916 -0800
-1.038040,0.589859,-0.522827,1.303384,4110.886727,2000-12-31 17:08:30.887 -0800
-1.264648,-1.200439,-1.097824,2.060487,4110.857180,2000-12-31 17:08:30.857 -0800
-0.577957,-1.766556,-0.624878,1.960925,4110.827631,2000-12-31 17:08:30.828 -0800
0.011642,-2.457947,-0.391403,2.488942,4110.798089,2000-12-31 17:08:30.798 -0800
0.791580,-2.410416,0.598587,2.606724,4110.768541,2000-12-31 17:08:30.769 -0800
0.079361,-1.240585,1.455032,1.913758,4110.738994,2000-12-31 17:08:30.739 -0800
1.082581,-1.768356,1.299850,2.447177,4110.709448,2000-12-31 17:08:30.709 -0800
1.308197,0.887009,0.304062,1.609540,4110.679902,2000-12-31 17:08:30.680 -0800
1.403336,-2.654144,-0.795883,3.106004,4110.650352,2000-12-31 17:08:30.650 -0800
0.520493,0.350250,2.653137,2.726302,4110.620807,2000-12-31 17:08:30.621 -0800
0.963272,0.719940,1.504562,1.926114,4110.591263,2000-12-31 17:08:30.591 -0800
2.367020,-1.279800,1.277344,2.978637,4110.561719,2000-12-31 17:08:30.562 -0800
0.883911,-0.745041,1.682327,2.041228,4110.532174,2000-12-31 17:08:30.532 -0800
0.274704,-0.205978,0.874176,0.939187,4110.502629,2000-12-31 17:08:30.503 -0800
0.769882,0.046036,0.689743,1.034690,4110.473082,2000-12-31 17:08:30.473 -0800
0.540131,-0.185272,0.577194,0.811924,4110.443540,2000-12-31 17:08:30.444 -0800
0.954544,-0.350311,0.655289,1.209659,4110.413997,2000-12-31 17:08:30.414 -0800
0.553223,-0.794403,1.041153,1.421665,4110.384451,2000-12-31 17:08:30.384 -0800
-0.450836,-1.063873,1.273346,1.719445,4110.354905,2000-12-31 17:08:30.355 -0800
-0.508011,-1.217468,0.945602,1.623104,4110.325361,2000-12-31 17:08:30.325 -0800
-0.791016,-3.980453,0.914642,4.160082,4110.295818,2000-12-31 17:08:30.296 -0800
0.743530,-1.480408,-0.041779,1.657163,4110.266274,2000-12-31 17:08:30.266 -0800
0.556595,-1.177689,-0.577179,1.424740,4110.236728,2000-12-31 17:08:30.237 -0800
-0.192780,-0.488892,-0.530380,0.746647,4110.207183,2000-12-31 17:08:30.207 -0800
-0.904892,0.066544,-0.708405,1.151127,4110.177639,2000-12-31 17:08:30.178 -0800
-0.686539,-1.112946,-0.932663,1.606189,4110.148096,2000-12-31 17:08:30.148 -0800
-0.174057,-1.698105,-0.772232,1.873552,4110.118555,2000-12-31 17:08:30.119 -0800
-0.241058,-2.483322,-0.373276,2.522763,4110.089011,2000-12-31 17:08:30.089 -0800
0.427551,-2.270096,0.742752,2.426482,4110.059472,2000-12-31 17:08:30.059 -0800
0.338989,-1.235901,1.367096,1.873851,4110.029926,2000-12-31 17:08:30.030 -0800
0.985229,-1.708374,1.590393,2.533490,4110.000383,2000-12-31 17:08:30.000 -0800
0.484390,0.104553,0.421951,0.650852,4109.970840,2000-12-31 17:08:29.971 -0800
1.113815,0.002075,0.528946,1.233034,4109.941298,2000-12-31 17:08:29.941 -0800
0.389359,0.547302,3.188583,3.258559,4109.911748,2000-12-31 17:08:29.912 -0800
0.745499,0.352020,1.153427,1.417773,4109.882202,2000-12-31 17:08:29.882 -0800
1.509827,0.074371,1.402206,2.061866,4109.852657,2000-12-31 17:08:29.853 -0800
0.177002,-1.447037,1.520279,2.106298,4109.823112,2000-12-31 17:08:29.823 -0800
0.697357,-0.424973,1.039001,1.321527,4109.793567,2000-12-31 17:08:29.794 -0800
0.473297,-0.117203,0.727921,0.876136,4109.764023,2000-12-31 17:08:29.764 -0800
0.602859,-0.006500,0.728165,0.945360,4109.734478,2000-12-31 17:08:29.734 -0800
0.841263,-0.028152,0.357254,0.914410,4109.704934,2000-12-31 17:08:29.705 -0800
0.855392,-0.479843,1.008606,1.406852,4109.675390,2000-12-31 17:08:29.675 -0800
0.050568,-0.559097,1.473022,1.576370,4109.645846,2000-12-31 17:08:29.646 -0800
-0.541519,-1.173828,1.098038,1.696114,4109.616297,2000-12-31 17:08:29.616 -0800
0.030228,-2.107239,0.956116,2.314201,4109.586752,2000-12-31 17:08:29.587 -0800
0.387100,-1.747223,0.287811,1.812586,4109.557206,2000-12-31 17:08:29.557 -0800
0.430649,-1.258728,-0.413818,1.393234,4109.527660,2000-12-31 17:08:29.528 -0800
-0.048340,-0.949875,-0.565018,1.106275,4109.498115,2000-12-31 17:08:29.498 -0800
-0.515182,-0.179794,0.288132,0.617057,4109.468567,2000-12-31 17:08:29.469 -0800
-1.267395,-0.016937,-0.120163,1.273191,4109.439028,2000-12-31 17:08:29.439 -0800
-0.448471,-1.233154,-0.624222,1.453082,4109.409482,2000-12-31 17:08:29.409 -0800
-0.242905,-1.955948,-0.432358,2.017837,4109.379940,2000-12-31 17:08:29.380 -0800
0.343445,-2.327194,0.017258,2.352464,4109.350398,2000-12-31 17:08:29.350 -0800
0.653046,-1.986923,0.828049,2.249444,4109.320856,2000-12-31 17:08:29.321 -0800
0.106644,-1.220230,1.235474,1.739750,4109.291313,2000-12-31 17:08:29.291 -0800
0.270111,-0.959366,1.068710,1.461330,4109.261768,2000-12-31 17:08:29.262 -0800
1.299271,-0.897141,0.744370,1.745580,4109.232222,2000-12-31 17:08:29.232 -0800
-0.247482,-0.996368,0.619156,1.198896,4109.202676,2000-12-31 17:08:29.203 -0800
-1.038254,-2.558838,0.145126,2.765264,4109.173131,2000-12-31 17:08:29.173 -0800
1.106079,0.285736,0.674454,1.326629,4109.143586,2000-12-31 17:08:29.144 -0800
0.540375,-0.222885,0.422073,0.720991,4109.114042,2000-12-31 17:08:29.114 -0800
0.500793,-0.278152,0.761642,0.953028,4109.084497,2000-12-31 17:08:29.084 -0800
0.678818,-0.403931,0.921616,1.213808,4109.054952,2000-12-31 17:08:29.055 -0800
0.595184,-0.427002,0.865479,1.133855,4109.025377,2000-12-31 17:08:29.025 -0800
0.306854,-0.404556,0.745682,0.902146,4108.995860,2000-12-31 17:08:28.996 -0800
0.133118,-0.524918,0.612823,0.817809,4108.966313,2000-12-31 17:08:28.966 -0800
0.030121,-0.595001,0.490173,0.771494,4108.936767,2000-12-31 17:08:28.937 -0800
0.053894,-0.559998,0.331070,0.652770,4108.907201,2000-12-31 17:08:28.907 -0800
0.091766,-0.783585,0.221375,0.819410,4108.877674,2000-12-31 17:08:28.878 -0800
0.141266,-0.980225,0.139069,1.000068,4108.848127,2000-12-31 17:08:28.848 -0800
0.047684,-1.225327,0.154648,1.235967,4108.818579,2000-12-31 17:08:28.819 -0800
0.068542,-1.392715,0.239227,1.414774,4108.789033,2000-12-31 17:08:28.789 -0800
0.211868,-1.407715,0.335083,1.462474,4108.759485,2000-12-31 17:08:28.759 -0800
-0.209320,-1.626831,0.338943,1.674896,4108.729921,2000-12-31 17:08:28.730 -0800
-0.154633,-1.246918,0.015717,1.256568,4108.700393,2000-12-31 17:08:28.700 -0800
-0.179749,-1.005112,-0.224670,1.045484,4108.670846,2000-12-31 17:08:28.671 -0800
-0.183594,-0.978714,-0.060928,0.997647,4108.641300,2000-12-31 17:08:28.641 -0800
-0.120483,-0.931396,0.054123,0.940715,4108.611756,2000-12-31 17:08:28.612 -0800
-0.051407,-0.961578,0.130264,0.971722,4108.582211,2000-12-31 17:08:28.582 -0800
-0.059402,-0.968414,0.147369,0.981363,4108.552657,2000-12-31 17:08:28.553 -0800
-0.039368,-0.950089,0.155029,0.963458,4108.523117,2000-12-31 17:08:28.523 -0800
-0.036011,-0.964783,0.164139,0.979308,4108.493573,2000-12-31 17:08:28.494 -0800
-0.034668,-0.972610,0.158569,0.986061,4108.464030,2000-12-31 17:08:28.464 -0800
-0.028519,-0.962753,0.152725,0.975209,4108.434487,2000-12-31 17:08:28.434 -0800
-0.036758,-0.972916,0.162460,0.987071,4108.404946,2000-12-31 17:08:28.405 -0800
-0.022964,-0.968216,0.154144,0.980678,4108.375405,2000-12-31 17:08:28.375 -0800
-0.034973,-0.977921,0.149811,0.989947,4108.345862,2000-12-31 17:08:28.346 -0800
-0.040039,-0.964310,0.144211,0.975855,4108.316320,2000-12-31 17:08:28.316 -0800
-0.026031,-0.975891,0.162338,0.989644,4108.286777,2000-12-31 17:08:28.287 -0800
-0.029663,-0.983643,0.164536,0.997750,4108.257234,2000-12-31 17:08:28.257 -0800
-0.039352,-0.980377,0.138397,0.990879,4108.227688,2000-12-31 17:08:28.228 -0800
-0.070343,-0.959412,0.131943,0.970993,4108.198142,2000-12-31 17:08:28.198 -0800
-0.116394,-0.964081,0.138336,0.980885,4108.168596,2000-12-31 17:08:28.169 -0800
-0.047913,-0.963531,0.142838,0.975239,4108.139052,2000-12-31 17:08:28.139 -0800
-0.034180,-0.972137,0.179489,0.989159,4108.109506,2000-12-31 17:08:28.110 -0800
-0.004761,-0.973923,0.192978,0.992869,4108.079962,2000-12-31 17:08:28.080 -0800
-0.005768,-0.994370,0.141739,1.004437,4108.050418,2000-12-31 17:08:28.050 -0800
0.056351,-1.016830,0.150024,1.029382,4108.020876,2000-12-31 17:08:28.021 -0800
-0.023605,-0.986496,0.191803,1.005246,4107.991329,2000-12-31 17:08:27.991 -0800
-0.094757,-0.980942,0.162888,0.998878,4107.961783,2000-12-31 17:08:27.962 -0800
-0.103943,-0.980652,0.116623,0.993017,4107.932237,2000-12-31 17:08:27.932 -0800
-0.011948,-0.998856,0.151199,1.010305,4107.902691,2000-12-31 17:08:27.903 -0800
0.044830,-1.032501,0.203812,1.053379,4107.873143,2000-12-31 17:08:27.873 -0800
-0.037003,-0.985077,0.189957,1.003907,4107.843595,2000-12-31 17:08:27.844 -0800
-0.077972,-0.972412,0.110626,0.981786,4107.814047,2000-12-31 17:08:27.814 -0800
-0.064178,-0.984756,0.086838,0.990659,4107.784500,2000-12-31 17:08:27.785 -0800
-0.085251,-0.987930,0.017883,0.991763,4107.754951,2000-12-31 17:08:27.755 -0800
-0.184616,-0.949036,-0.002792,0.966830,4107.725404,2000-12-31 17:08:27.725 -0800
-0.233597,-0.942917,-0.035599,0.972074,4107.695856,2000-12-31 17:08:27.696 -0800
-0.224686,-0.950119,-0.046097,0.977412,4107.666307,2000-12-31 17:08:27.666 -0800
-0.266891,-0.942657,-0.046997,0.980838,4107.636761,2000-12-31 17:08:27.637 -0800
-0.224380,-0.957870,-0.060959,0.985687,4107.607217,2000-12-31 17:08:27.607 -0800
-0.156479,-0.979935,-0.046448,0.993436,4107.577670,2000-12-31 17:08:27.578 -0800
-0.067474,-0.955872,-0.066467,0.960553,4107.548127,2000-12-31 17:08:27.548 -0800
-0.063690,-1.030319,0.037491,1.032966,4107.518580,2000-12-31 17:08:27.519 -0800
-0.121399,-0.956039,0.028595,0.964140,4107.489035,2000-12-31 17:08:27.489 -0800
-0.153778,-0.978928,0.003677,0.990939,4107.459488,2000-12-31 17:08:27.459 -0800
-0.109772,-0.993484,-0.009949,0.999580,4107.429942,2000-12-31 17:08:27.430 -0800
-0.071991,-0.991501,0.007645,0.994140,4107.400395,2000-12-31 17:08:27.400 -0800
-0.052673,-1.016953,-0.000565,1.018316,4107.370851,2000-12-31 17:08:27.371 -0800
-0.088364,-0.997665,0.033173,1.002120,4107.341305,2000-12-31 17:08:27.341 -0800
-0.064148,-0.982895,-0.001740,0.984987,4107.311762,2000-12-31 17:08:27.312 -0800
-0.110016,-0.969055,-0.011276,0.975345,4107.282220,2000-12-31 17:08:27.282 -0800
-0.109894,-0.989670,-0.065445,0.997901,4107.252678,2000-12-31 17:08:27.253 -0800
-0.098267,-0.964233,-0.098282,0.974198,4107.223136,2000-12-31 17:08:27.223 -0800
-0.094971,-0.984573,-0.112778,0.995552,4107.193594,2000-12-31 17:08:27.194 -0800
-0.159805,-0.912659,-0.135681,0.936426,4107.164050,2000-12-31 17:08:27.164 -0800
-0.154572,-0.967743,-0.179413,0.996297,4107.134506,2000-12-31 17:08:27.135 -0800
-0.178848,-0.963486,-0.163239,0.993448,4107.104963,2000-12-31 17:08:27.105 -0800
-0.140762,-0.986725,-0.171143,1.011301,4107.075419,2000-12-31 17:08:27.075 -0800
-0.150391,-0.978439,-0.173538,1.005026,4107.045876,2000-12-31 17:08:27.046 -0800
-0.145920,-0.973343,-0.161407,0.997367,4107.016328,2000-12-31 17:08:27.016 -0800
-0.159332,-0.965897,-0.170517,0.993690,4106.986785,2000-12-31 17:08:26.987 -0800
-0.138962,-0.973633,-0.176331,0.999182,4106.957239,2000-12-31 17:08:26.957 -0800
-0.133499,-0.970123,-0.178482,0.995398,4106.927691,2000-12-31 17:08:26.928 -0800
